Workbook

Sheet ① 说明与纪律
A1: AutoGrader · gold set 人工打分表（空白模板）
A2: 打分对象 | B2: 10 份脱敏实验报告 S01–S10（data/samples/），按 5 个评分点逐项打分，满分 100。
A4: 一、这份表为什么要存在 | B4: 我们用它来检验 AutoGrader 的评分到底准不准。 准确率不能由写代码的人自己宣布——那样想多少分就有多少分。 所以这份人工分数是「标准答案（gold set）」，由没有参与代码和 prompt 调优的人独立给出。
A5: 二、三条纪律（不可违反） | B5: 1. 独立打分：全程不要和主程讨论任何一份报告该给多少分，不要问「系统给了几分」。 2. 先于调优：这份表必须在任何 prompt 修改【之前】完成并封存。 封存后到 D6（benchmark）才解封，中间不允许回头改分。 3. 不许偷看：打分期间不要打开系统的评阅结果、不要看 docs/cases 里的案例。
A6: 三、打分流程 | B6: 1. 打开 data/samples/S01.txt，通读一遍（不要跳读）。 2. 到「③ 逐项打分」表，给 S01 的 r1–r5 各打一个分，并在「依据」里抄一句原文或写清位置。 3. 十份报告依次做完，共 50 行。 4. 到「④ 总分汇总」核对每份总分（公式自动加总，不用手算）。 5. 到「⑤ 封存记录」填写署名与时间，确认三项「是」后封存。
A7: 四、判定与给分规则 | B7: hit（命中） → 给满分或接近满分（≥85%）。原文清楚写了这点要求的全部关键内容。 partial（部分）→ 给满分的 40%–70%。提到了但说得不完整、只有标题没有实质内容、或只有现象没有分析。 miss（未命中） → 给 0–20%。完全没写，或写的不是这回事。 说明：百分比是参考，最终以你的判断为准——但每个分数都必须能在「依据」里指认出原文。 特别注意：报告里只有小标题（比如只写了「运行结果」四个字）而没有实际内容，算 partial，不算 hit。
A8: 五、填写要求 | B8: · 「人工得分」必填，可以是小数（如 12.5）。 · 「判定」从下拉选 hit / partial / miss。 · 「依据」尽量填：抄一句原文片段，或写「第 3 节」「开头第 2 段」这类位置。 填不出来的分数，说明这个分给得没把握——那就重新看报告，或降到 partial。 · 十份报告建议分 2–3 次做完，中途休息，避免越打越松（顺序效应）。 · 全部打完前【不要】和主程讨论任何分数。
A9: 六、常见疑问 | B9: Q：拿不准该给 12 还是 14？ A：给 13，然后在备注写「介于两者之间」。不要为了凑整数反复纠结，一致性比精度重要。 Q：报告写得很烂，五项都该 0 吗？ A：只要开头写了实验目的，r1 就该有分。逐项独立判断，不要因为整体印象差就全给 0。 Q：可以改分吗？ A：封存前可以。一旦在「⑤ 封存记录」确认，就不能再改——这是这份表可信的前提。

Sheet ② 评分点定义
A1: 评分点ID | B1: 评分点名称 | C1: 满分 | D1: 判定标准 | E1: 命中特征词（参考）
A2: r1 | B2: 实验目的明确 | C2: 15 | D2: 开头明确写出本次实验的目的与要掌握的能力 | E2: 实验目的 / 旨在 / 掌握 / 目的
A3: r2 | B3: 环境与步骤 | C3: 20 | D3: 写清实验环境配置与可复现的操作步骤 | E3: 环境 / 步骤 / 安装 / 配置 / 命令
A4: r3 | B4: 核心实现 | C4: 25 | D4: 给出核心代码、模型结构或关键实现说明 | E4: 代码 / 实现 / 模型 / 算法 / 结构
A5: r4 | B5: 结果与数据 | C5: 20 | D5: 给出运行结果、截图、表格或实验数据 | E5: 结果 / 输出 / 截图 / 数据 / 表
A6: r5 | B6: 分析与总结 | C6: 20 | D6: 对结果进行分析讨论，并有总结或心得 | E6: 分析 / 总结 / 心得 / 讨论 / 结论
A7: 合计 | C7: =SUM(C2:C6) | D7: 与 docs/cases 公布案例、tools/make_demo.py 使用的标准完全一致

Sheet ③ 逐项打分
A1: 序号 | B1: 报告ID | C1: 评分点ID | D1: 评分点名称 | E1: 满分 | F1: 人工得分 (必填) | G1: 判定 (下拉) | H1: 依据（原文摘录或位置，尽量填） | I1: 备注
A2: 1 | B2: S01 | C2: r1 | D2: 实验目的明确 | E2: 15
A3: 2 | B3: S01 | C3: r2 | D3: 环境与步骤 | E3: 20
A4: 3 | B4: S01 | C4: r3 | D4: 核心实现 | E4: 25
A5: 4 | B5: S01 | C5: r4 | D5: 结果与数据 | E5: 20
A6: 5 | B6: S01 | C6: r5 | D6: 分析与总结 | E6: 20
A7: 6 | B7: S02 | C7: r1 | D7: 实验目的明确 | E7: 15
A8: 7 | B8: S02 | C8: r2 | D8: 环境与步骤 | E8: 20
A9: 8 | B9: S02 | C9: r3 | D9: 核心实现 | E9: 25
A10: 9 | B10: S02 | C10: r4 | D10: 结果与数据 | E10: 20
A11: 10 | B11: S02 | C11: r5 | D11: 分析与总结 | E11: 20
A12: 11 | B12: S03 | C12: r1 | D12: 实验目的明确 | E12: 15
A13: 12 | B13: S03 | C13: r2 | D13: 环境与步骤 | E13: 20
... A51: 50 | B51: S10 | C51: r5 | D51: 分析与总结 | E51: 20

Sheet ④ 总分汇总
A1: 报告ID | B1: r1 实验目的(15) | C1: r2 环境与步骤(20) | D1: r3 核心实现(25) | E1: r4 结果与数据(20) | F1: r5 分析与总结(20) | G1: 总分 | H1: 整体印象（可选） | I1: 耗时(分钟)
A2: S01 | B2: =SUMIFS('③ 逐项打分'!$F$2:$F$51,'③ 逐项打分'!$B$2:$B$51,$A2,'③ 逐项打分'!$C$2:$C$51,"r1") | C2: =SUMIFS('③ 逐项打分'!$F$2:$F$51,'③ 逐项打分'!$B$2:$B$51,$A2,'③ 逐项打分'!$C$2:$C$51,"r2") | D2: =SUMIFS('③ 逐项打分'!$F$2:$F$51,'③ 逐项打分'!$B$2:$B$51,$A2,'③ 逐项打分'!$C$2:$C$51,"r3") | E2: =SUMIFS('③ 逐项打分'!$F$2:$F$51,'③ 逐项打分'!$B$2:$B$51,$A2,'③ 逐项打分'!$C$2:$C$51,"r4") | F2: =SUMIFS('③ 逐项打分'!$F$2:$F$51,'③ 逐项打分'!$B$2:$B$51,$A2,'③ 逐项打分'!$C$2:$C$51,"r5") | G2: =SUM(B2:F2)
A3: S02 | B3: =SUMIFS('③ 逐项打分'!$F$2:$F$51,'③ 逐项打分'!$B$2:$B$51,$A3,'③ 逐项打分'!$C$2:$C$51,"r1") | C3: =SUMIFS('③ 逐项打分'!$F$2:$F$51,'③ 逐项打分'!$B$2:$B$51,$A3,'③ 逐项打分'!$C$2:$C$51,"r2") | D3: =SUMIFS('③ 逐项打分'!$F$2:$F$51,'③ 逐项打分'!$B$2:$B$51,$A3,'③ 逐项打分'!$C$2:$C$51,"r3") | E3: =SUMIFS('③ 逐项打分'!$F$2:$F$51,'③ 逐项打分'!$B$2:$B$51,$A3,'③ 逐项打分'!$C$2:$C$51,"r4") | F3: =SUMIFS('③ 逐项打分'!$F$2:$F$51,'③ 逐项打分'!$B$2:$B$51,$A3,'③ 逐项打分'!$C$2:$C$51,"r5") | G3: =SUM(B3:F3)
A4: S03 | B4: =SUMIFS('③ 逐项打分'!$F$2:$F$51,'③ 逐项打分'!$B$2:$B$51,$A4,'③ 逐项打分'!$C$2:$C$51,"r1") | C4: =SUMIFS('③ 逐项打分'!$F$2:$F$51,'③ 逐项打分'!$B$2:$B$51,$A4,'③ 逐项打分'!$C$2:$C$51,"r2") | D4: =SUMIFS('③ 逐项打分'!$F$2:$F$51,'③ 逐项打分'!$B$2:$B$51,$A4,'③ 逐项打分'!$C$2:$C$51,"r3") | E4: =SUMIFS('③ 逐项打分'!$F$2:$F$51,'③ 逐项打分'!$B$2:$B$51,$A4,'③ 逐项打分'!$C$2:$C$51,"r4") | F4: =SUMIFS('③ 逐项打分'!$F$2:$F$51,'③ 逐项打分'!$B$2:$B$51,$A4,'③ 逐项打分'!$C$2:$C$51,"r5") | G4: =SUM(B4:F4)
A5: S04 | B5: =SUMIFS('③ 逐项打分'!$F$2:$F$51,'③ 逐项打分'!$B$2:$B$51,$A5,'③ 逐项打分'!$C$2:$C$51,"r1") | C5: =SUMIFS('③ 逐项打分'!$F$2:$F$51,'③ 逐项打分'!$B$2:$B$51,$A5,'③ 逐项打分'!$C$2:$C$51,"r2") | D5: =SUMIFS('③ 逐项打分'!$F$2:$F$51,'③ 逐项打分'!$B$2:$B$51,$A5,'③ 逐项打分'!$C$2:$C$51,"r3") | E5: =SUMIFS('③ 逐项打分'!$F$2:$F$51,'③ 逐项打分'!$B$2:$B$51,$A5,'③ 逐项打分'!$C$2:$C$51,"r4") | F5: =SUMIFS('③ 逐项打分'!$F$2:$F$51,'③ 逐项打分'!$B$2:$B$51,$A5,'③ 逐项打分'!$C$2:$C$51,"r5") | G5: =SUM(B5:F5)
A6: S05 | B6: =SUMIFS('③ 逐项打分'!$F$2:$F$51,'③ 逐项打分'!$B$2:$B$51,$A6,'③ 逐项打分'!$C$2:$C$51,"r1") | C6: =SUMIFS('③ 逐项打分'!$F$2:$F$51,'③ 逐项打分'!$B$2:$B$51,$A6,'③ 逐项打分'!$C$2:$C$51,"r2") | D6: =SUMIFS('③ 逐项打分'!$F$2:$F$51,'③ 逐项打分'!$B$2:$B$51,$A6,'③ 逐项打分'!$C$2:$C$51,"r3") | E6: =SUMIFS('③ 逐项打分'!$F$2:$F$51,'③ 逐项打分'!$B$2:$B$51,$A6,'③ 逐项打分'!$C$2:$C$51,"r4") | F6: =SUMIFS('③ 逐项打分'!$F$2:$F$51,'③ 逐项打分'!$B$2:$B$51,$A6,'③ 逐项打分'!$C$2:$C$51,"r5") | G6: =SUM(B6:F6)
A7: S06 | B7: =SUMIFS('③ 逐项打分'!$F$2:$F$51,'③ 逐项打分'!$B$2:$B$51,$A7,'③ 逐项打分'!$C$2:$C$51,"r1") | C7: =SUMIFS('③ 逐项打分'!$F$2:$F$51,'③ 逐项打分'!$B$2:$B$51,$A7,'③ 逐项打分'!$C$2:$C$51,"r2") | D7: =SUMIFS('③ 逐项打分'!$F$2:$F$51,'③ 逐项打分'!$B$2:$B$51,$A7,'③ 逐项打分'!$C$2:$C$51,"r3") | E7: =SUMIFS('③ 逐项打分'!$F$2:$F$51,'③ 逐项打分'!$B$2:$B$51,$A7,'③ 逐项打分'!$C$2:$C$51,"r4") | F7: =SUMIFS('③ 逐项打分'!$F$2:$F$51,'③ 逐项打分'!$B$2:$B$51,$A7,'③ 逐项打分'!$C$2:$C$51,"r5") | G7: =SUM(B7:F7)
A8: S07 | B8: =SUMIFS('③ 逐项打分'!$F$2:$F$51,'③ 逐项打分'!$B$2:$B$51,$A8,'③ 逐项打分'!$C$2:$C$51,"r1") | C8: =SUMIFS('③ 逐项打分'!$F$2:$F$51,'③ 逐项打分'!$B$2:$B$51,$A8,'③ 逐项打分'!$C$2:$C$51,"r2") | D8: =SUMIFS('③ 逐项打分'!$F$2:$F$51,'③ 逐项打分'!$B$2:$B$51,$A8,'③ 逐项打分'!$C$2:$C$51,"r3") | E8: =SUMIFS('③ 逐项打分'!$F$2:$F$51,'③ 逐项打分'!$B$2:$B$51,$A8,'③ 逐项打分'!$C$2:$C$51,"r4") | F8: =SUMIFS('③ 逐项打分'!$F$2:$F$51,'③ 逐项打分'!$B$2:$B$51,$A8,'③ 逐项打分'!$C$2:$C$51,"r5") | G8: =SUM(B8:F8)
A9: S08 | B9: =SUMIFS('③ 逐项打分'!$F$2:$F$51,'③ 逐项打分'!$B$2:$B$51,$A9,'③ 逐项打分'!$C$2:$C$51,"r1") | C9: =SUMIFS('③ 逐项打分'!$F$2:$F$51,'③ 逐项打分'!$B$2:$B$51,$A9,'③ 逐项打分'!$C$2:$C$51,"r2") | D9: =SUMIFS('③ 逐项打分'!$F$2:$F$51,'③ 逐项打分'!$B$2:$B$51,$A9,'③ 逐项打分'!$C$2:$C$51,"r3") | E9: =SUMIFS('③ 逐项打分'!$F$2:$F$51,'③ 逐项打分'!$B$2:$B$51,$A9,'③ 逐项打分'!$C$2:$C$51,"r4") | F9: =SUMIFS('③ 逐项打分'!$F$2:$F$51,'③ 逐项打分'!$B$2:$B$51,$A9,'③ 逐项打分'!$C$2:$C$51,"r5") | G9: =SUM(B9:F9)
A10: S09 | B10: =SUMIFS('③ 逐项打分'!$F$2:$F$51,'③ 逐项打分'!$B$2:$B$51,$A10,'③ 逐项打分'!$C$2:$C$51,"r1") | C10: =SUMIFS('③ 逐项打分'!$F$2:$F$51,'③ 逐项打分'!$B$2:$B$51,$A10,'③ 逐项打分'!$C$2:$C$51,"r2") | D10: =SUMIFS('③ 逐项打分'!$F$2:$F$51,'③ 逐项打分'!$B$2:$B$51,$A10,'③ 逐项打分'!$C$2:$C$51,"r3") | E10: =SUMIFS('③ 逐项打分'!$F$2:$F$51,'③ 逐项打分'!$B$2:$B$51,$A10,'③ 逐项打分'!$C$2:$C$51,"r4") | F10: =SUMIFS('③ 逐项打分'!$F$2:$F$51,'③ 逐项打分'!$B$2:$B$51,$A10,'③ 逐项打分'!$C$2:$C$51,"r5") | G10: =SUM(B10:F10)
A11: S10 | B11: =SUMIFS('③ 逐项打分'!$F$2:$F$51,'③ 逐项打分'!$B$2:$B$51,$A11,'③ 逐项打分'!$C$2:$C$51,"r1") | C11: =SUMIFS('③ 逐项打分'!$F$2:$F$51,'③ 逐项打分'!$B$2:$B$51,$A11,'③ 逐项打分'!$C$2:$C$51,"r2") | D11: =SUMIFS('③ 逐项打分'!$F$2:$F$51,'③ 逐项打分'!$B$2:$B$51,$A11,'③ 逐项打分'!$C$2:$C$51,"r3") | E11: =SUMIFS('③ 逐项打分'!$F$2:$F$51,'③ 逐项打分'!$B$2:$B$51,$A11,'③ 逐项打分'!$C$2:$C$51,"r4") | F11: =SUMIFS('③ 逐项打分'!$F$2:$F$51,'③ 逐项打分'!$B$2:$B$51,$A11,'③ 逐项打分'!$C$2:$C$51,"r5") | G11: =SUM(B11:F11)
A13: 说明 | B13: 本表各分数由公式从「③ 逐项打分」自动汇总，不需要手算。若某格显示 0，说明该项还没打分（或真的给了 0 分）。

Sheet ⑤ 封存记录
A1: 封存记录（打分完成后填写）
A3: 打分人姓名 | C3: 请填真实姓名——benchmark 报告里要写「由非主程成员 XXX 独立打分」
A4: 专业 / 分工 | C4: 例如：计算机科学与技术 / 产品与材料
A5: 打分日期 | C5: 完成当天日期
A6: 总耗时（分钟） | C6: 用于说明这份 gold set 的认真程度
A7: 是否独立完成（未与主程讨论） | B7: 是 | C7: 必须是「是」，否则这份表作废
A8: 是否全程未参考 AI 评分 | B8: 是 | C8: 必须是「是」
A9: 是否确认不再修改任何分值 | B9: 是 | C9: 确认后即封存
A10: 封存后由谁保管 | B10: 主程（只读，不得修改） | C10: 主程保管但不得改动内容
A11: 解封条件 | B11: D6 跑 benchmark 当天解封 | C11: 解封后只读对比，仍不得改分
A13: 填写进度 | B13: =COUNTA('③ 逐项打分'!F2:F51)&" / 50" | C13: 显示已填得分条目数，全部完成应为 50 / 50
